{"Loss": 0.21543455123901367, "_runtime": 12, "_timestamp": 1630855912, "_step": 3, "Val Loss": 0.21857860684394836, "Acc": 68.7, "Val Acc": 67.80000000000001}